{"pagina_presentacion": {
    "nombre": "Alejandro Alderete",
    "descripcion":"Me gusta asumir retos, con excelentes conocimientos de inglés, orientado al aprendizaje constante. Con experiencia en dictar capacitaciones, clases y creación de materiales de estudio.",
    "foto": "A1.png",
    "perfil": "Ing. En Redes y Telecomunicaciones, graduado por Excelencia, MBA Executive en Transformación Digital, Revolución Industrial 4.0, y egresado del Master en Educación Superior Tecnológica. Altos deseos de superación, capacidad de liderazgo, aptitudes de creatividad, seriedad, pro actividad, responsabilidad y trabajo en equipo."
  }
}